﻿<parameters>
  <parameter name="IIS Web Application Name" defaultValue="E-QUESTIONNAIRE" tags="IisApp">
    <parameterEntry kind="ProviderPath" scope="IisApp" match="^D:\\Projects\\Visualsolution\\E-Questionnaire\\VSQN\\obj\\Release\\Package\\PackageTmp$" />
    <parameterEntry kind="ProviderPath" scope="setAcl" match="^D:\\Projects\\Visualsolution\\E-Questionnaire\\VSQN\\obj\\Release\\Package\\PackageTmp$" />
  </parameter>
  <parameter name="Add write permission to App_Data Folder" description="Add write permission to App_Data folder" defaultValue="{IIS Web Application Name}/App_Data" tags="Hidden">
    <parameterEntry kind="ProviderPath" scope="setAcl" match="^D:\\Projects\\Visualsolution\\E-Questionnaire\\VSQN\\obj\\Release\\Package\\PackageTmp\\App_Data$" />
  </parameter>
  <parameter name="conn-Web.config Connection String" defaultValue="Data Source=NTBK20\SQL2014;Initial Catalog=VSQ;User ID=sa;Password=p@ssw0rd">
    <parameterEntry kind="XmlFile" scope="D:\\Projects\\Visualsolution\\E-Questionnaire\\VSQN\\obj\\Release\\Package\\PackageTmp\\Web\.config$" match="/configuration/connectionStrings/add[@name='conn']/@connectionString" />
  </parameter>
</parameters>